æ—¥ä»˜,ã‚¢ã‚«ã‚¦ãƒ³ãƒˆå,Twitter Id,Text,TweetURL
2022/08/04 18:19:27,@beaver_why,Aaaa gryzie,*27,https://twitter.com/beaver_why/status/1555257122081968129
2022/08/04 18:19:24,@bo_meera10,Ø¨ÙˆÙ…ÙŠØ±Ø©,@AAAA_11199A https://t.co/1sQvqDkI1p,https://twitter.com/bo_meera10/status/1555257107997409286
2022/08/04 18:19:19,@_narelo,ğŸ’‹,aaaa to ficando doida,https://twitter.com/_narelo/status/1555257089055916035
2022/08/04 18:19:19,@ilouisexw,Ö´Ö¶Ö¸,@Iwtford aaaa quero ler,https://twitter.com/ilouisexw/status/1555257087478976514
2022/08/04 18:19:16,@s_choco_gorilla,ãƒãƒ§ã‚³ã‚´ãƒªãƒ©ğŸ«ğŸ´,@01nkym_aaaa @tsukkii_saikyou ã©ã“ã‹ã‚‰ã¨ã‚‚ãªãæ·«ä¹±ãƒ”ãƒ³ã‚¯ãŒ,https://twitter.com/s_choco_gorilla/status/1555257072882577409
2022/08/04 18:19:10,@B2araujox,ğ˜‰ğŸ‘¸ğŸ»,"[04/08/2022 15:17:31] Tamires : Nem eu iria ter vontade [04/08/2022 15:17:37] Tamires : Imagina [04/08/2022 15:17:41] Tamires : Um tribufu desse [04/08/2022 15:17:43] Tamires : No escuro [04/08/2022 15:17:45] ğ™±ğš›ğš‘âœ¨: Aaaa coeeeeee N tem como cr, eu n aguento ğŸ˜­",https://twitter.com/B2araujox/status/1555257051093340161
2022/08/04 18:19:10,@alktabh_j,ğŸ”¥âš¡jariâš”ï¸alkitabh ğŸ’šğŸ•Šï¸,@AAAA_11199A https://t.co/z3LbkZm7J6,https://twitter.com/alktabh_j/status/1555257048736088071
2022/08/04 18:19:06,@stylinsonyear,carol,@louparts quero ver aaaa,https://twitter.com/stylinsonyear/status/1555257033900916736
2022/08/04 18:19:02,@yosshiiiaraa,La ğŸŒ» || INFP,Yoshiiiii tarik gue buat gue balik lagi ke lo jangan biarin gue suka dulu sama cowok rl aaaa ğŸ˜­ğŸ˜­ğŸ˜­ğŸ˜­ğŸ˜­,https://twitter.com/yosshiiiaraa/status/1555257015806570496
2022/08/04 18:19:01,@edvinotshe,vi,@dawnskcals AAAA GRANDE,https://twitter.com/edvinotshe/status/1555257010354003969
2022/08/04 18:18:56,@drAaaaMaaQueen,marina ğŸŒ™,@pepcorbellaa jo ğŸ™ƒ,https://twitter.com/drAaaaMaaQueen/status/1555256991882387462
2022/08/04 18:18:54,@rinsakano177,aaaa,ã‚Œï½™ï¼”ï¼•ï¼•ï¼”ï½™ï¼•ï¼”ï¼•ï¼”,https://twitter.com/rinsakano177/status/1555256983930171392
2022/08/04 18:18:49,@crezam,ğš’ğšŸğš¢,MAU STIKERNYAAA AAAA https://t.co/jsQ3EuAH0G,https://twitter.com/crezam/status/1555256959833874432
2022/08/04 18:18:22,@martinezxrocio,RocÃ­o,"mi pelo negro me pide mÃ¡s color negro, aaaa",https://twitter.com/martinezxrocio/status/1555256848659279872
2022/08/04 18:18:21,@AnaRobl96248755,Ana EF,@Glstn_pahraman cancazÄ±m seni Ã§ok seviyorum aaaaEbruÅahin #EbruÅahin,https://twitter.com/AnaRobl96248755/status/1555256843689238528
2022/08/04 18:18:19,@nikindomie,NISA IS GETTING DRUNK AT RACHELâ€™S,@nikizefanya I LITERALLY HAVE A FEVER BUT THIS SONG IS A BOP I LOVE U AAAA,https://twitter.com/nikindomie/status/1555256836407775232
2022/08/04 18:18:18,@orangeguice__,:) in the Box! ğŸ’¿ğŸƒ,AAAA GEURAMI EXACTLY! I wish woo had slaped tf back out of that girl!,https://twitter.com/orangeguice__/status/1555256832574242820
2022/08/04 18:18:07,@minglixieo,camys :) darlğ–§·ing,"@hwamaze aaaa nÃ£o acredito ğŸ¤§, tambÃ©m gosto muito do seu",https://twitter.com/minglixieo/status/1555256783056297984
2022/08/04 18:18:02,@nctrhuang,Renjun.,@najemnx Aaaa makasih na ğŸ¤¤,https://twitter.com/nctrhuang/status/1555256763385270272
2022/08/04 18:17:59,@tokiojkk_,mimiâ·áŸ¹by hobiğŸ¾,eu sou uma idiota..por ainda esperar algo del*...el* fala que nada aconteceu e que as coisas continuam as mesmas de antes...mas nÃ£o Ã© isso...e nitido que el* tÃ¡ aaaa e sla..agora que vi aquilo la tbm me deixou nhe..pq achei que iria contar pra mim tbm..mas a coisa Ã© que..,https://twitter.com/tokiojkk_/status/1555256750017748994
2022/08/04 18:17:57,@SR4HatFb,Hat,Aaaa,https://twitter.com/SR4HatFb/status/1555256742098964481
2022/08/04 18:17:53,@temariemo,â˜… N â˜… A â˜… N â˜…,"@luvdabii AAAA Q BN ESO ES BNO, YO TMB SOFF ğŸ’—",https://twitter.com/temariemo/status/1555256724642316289
2022/08/04 18:17:50,@delfinx_,hombre torso,esa gente que toda su personalidad es que no toman ni salen aaaa couldn't be me pasame la botella cortada de fernet,https://twitter.com/delfinx_/status/1555256713791655941
2022/08/04 18:17:47,@chaemeowz,Ù‹,his precious smile aaaa i will cry  https://t.co/NswFpidLDO,https://twitter.com/chaemeowz/status/1555256700017422336
2022/08/04 18:17:44,@ArielGiat,aaaa,@Ayelet__Shaked ×™×©×œ×š ××ª×–×” ×‘×™×•×ª×¨ ××¦×—×™×§,https://twitter.com/ArielGiat/status/1555256687677919232
2022/08/04 18:17:43,@WILLHAVE0RDER,â›°ï¸ | Zhongli,// i rlly dont wanna deactivate this acct bcuz i love zhongli so much... but i havent been active here in several months and ngl its.. aaaa,https://twitter.com/WILLHAVE0RDER/status/1555256686415433732
2022/08/04 18:17:43,@joesephsxv,brina da lavi. ğŸ¦‹,@alwaysmunson @sinkeerys @josephshinin @iquinnyou AAAA TE AMO FRANZINHA ğŸ˜­ğŸ˜­ğŸ˜­,https://twitter.com/joesephsxv/status/1555256683038900226
2022/08/04 18:17:38,@detectivedraws,em â˜… clown artist,AAAA I WANNA GO HOME I WANT TO DRAW!!!!,https://twitter.com/detectivedraws/status/1555256664361689089
2022/08/04 18:17:33,@dopethv,Ù‹Ù‹,@scbracha aaaa purÃ©e fais chier :( essaye de prendre un maximum sur toi mm si câ€™est pas simple!!,https://twitter.com/dopethv/status/1555256640693276675
2022/08/04 18:17:23,@brunasaraiva821,Bruna.,"@seafroes AAAA como ela fala mesmo, AAAA",https://twitter.com/brunasaraiva821/status/1555256601442926593
2022/08/04 18:17:21,@pyshiie,ishiie,@fraac_04 THANK YOU SO MUCH AAAA ğŸ¥ºğŸ˜­ğŸ’¦ğŸ’“âœ¨ğŸ’—âœ¨ğŸ’œğŸ’â¤ï¸ğŸŒ¸ I LOVE UR STYLE TOO!! ğŸ¥ºğŸ¥ºğŸ¥ºğŸŒ¸ğŸŒˆğŸ”¥ğŸ”¥,https://twitter.com/pyshiie/status/1555256594081796096
2022/08/04 18:17:19,@opsmahae,sad girl.,@ningIIvr @mahaesitos aaaa a mi si,https://twitter.com/opsmahae/status/1555256583923417090
2022/08/04 18:17:19,@LopezAnitta,ğ“ğ“·ğ“²ğ“½ğ“ª,@BarberiaKevin aaaa te amoooğŸ¥ºğŸ¤ğŸ¤ vos sos el mejor ğŸ˜»,https://twitter.com/LopezAnitta/status/1555256582132314112
2022/08/04 18:17:03,@zhaopjm,andy â·,"@collectoryg aaaa eu vi dps o ventiladorzinho e imaginei que fosse kkkkkk vou ver se compro um pra usar o suporte tbm, me dÃ¡ agonia a minha AB em pÃ© nas mÃ£os de deus sem nada segurando kkkkkkk mt obggg ğŸ’•",https://twitter.com/zhaopjm/status/1555256516348989448
2022/08/04 18:17:00,@TuTuTuen,tuen â¤ï¸ğŸ§¡ğŸ’›ğŸ¸ğŸ¸ big art pinned !!,@RunicWren Youre vv welcome aaaa!! ğŸ’—ğŸ’—ğŸ«¶,https://twitter.com/TuTuTuen/status/1555256502885449728
2022/08/04 18:16:52,@jagerb0mber,ramski (he/she),this song makes me think of Hannibal AAAAhttps://t.co/DJSTN8nRLl,https://twitter.com/jagerb0mber/status/1555256470857719808
2022/08/04 18:16:49,@Yoooholiveira,Yolanda Oliveira,@pricaliari @bcarolynaa fofaa aaaa ğŸ¥¹,https://twitter.com/Yoooholiveira/status/1555256457288982531
2022/08/04 18:16:46,@min_wonnn,Quiver Theo â‘°,AAAA POTANGINAAAğŸ˜­ğŸ˜­ğŸ˜­ğŸ˜­ğŸ˜­ https://t.co/TozSYIjT01,https://twitter.com/min_wonnn/status/1555256446308450304
2022/08/04 18:16:46,@BubBrownboobee,ğŸ‘©ğŸ½â€ğŸ¦±ğŸ¤ŸğŸ¿BubBrownğŸ“ğŸ¤ŸğŸ¿,At AaAa,https://twitter.com/BubBrownboobee/status/1555256445142122496
2022/08/04 18:16:45,@monaa__aaaa,mona__,@Aligholamzade_ Ø§Ø±Ù‡ Ø§Ø­ØªÙ…Ø§Ù„Ø§ Ù‡Ø± Ù‡ÙØªÙ‡ Ù…ÙŠÙ†Ø¯Ø§Ø²ÙŠÙ… Ù„Ø¨Ø§Ø³ Ø´ÙˆÙŠÙŠ Ø®Ø±Ø§Ø¨ Ù…ÙŠØ´Ù† Ø±Ø§Ø³ Ù…ÙŠÚ¯ÙŠØ¯ğŸ¤«,https://twitter.com/monaa__aaaa/status/1555256439332958208
2022/08/04 18:16:42,@lismarimah,mah,@mahdasadie aaaa te amo best â¤ï¸,https://twitter.com/lismarimah/status/1555256429182861314
2022/08/04 18:16:41,@_darkdragoon,estinienway ğŸŠğŸ’œğŸ’™ğŸ‰,@everbelow aaaa exciting!! it's my very first herja charm and i love it so ğŸ¥ºğŸ˜­ğŸ’œ,https://twitter.com/_darkdragoon/status/1555256424195887105
2022/08/04 18:16:38,@tonarino_aaaa,ã¨ãªã‚Šã®,ãŒã¡å¤‰ãªæ™‚é–“ã«èµ·ããŸä½“ç‹‚ã£ã¦ã‚‹ã£ã¦,https://twitter.com/tonarino_aaaa/status/1555256413584510976
2022/08/04 18:16:36,@nlmthyng,pacarnyavâ™¡,Gila gak sih dia ttep jadi moodboster gua padahal dia jg yg ngehancurin guağŸ˜­ğŸ˜­Aaaa pen guling2 salting anjirr,https://twitter.com/nlmthyng/status/1555256405304623104
2022/08/04 18:16:34,@tatimaedatina,Tatiane,"Meu amigo Ã© terrÃ­vel.... mandei mensagem amigo sabe colocar cortina ? Tenho medo de subir na escada, aaaa tatinha para de palhaÃ§ada quando ta por cima nem gundaste tira , aaaaa ko. A criatividade nas respostas Ã© terrÃ­vel kkkk",https://twitter.com/tatimaedatina/status/1555256393896173568
2022/08/04 18:16:32,@doniaaczek,domiâ· ğŸ¢ 1608,"@lovelyannh Aaaa, PoznaÅ„ zaprasza cieplutko!ğŸ¥¹",https://twitter.com/doniaaczek/status/1555256387495772162
2022/08/04 18:16:19,@TuTuTuen,tuen â¤ï¸ğŸ§¡ğŸ’›ğŸ¸ğŸ¸ big art pinned !!,@LichCrimson AAAA Congrats on 650 followers!! ğŸ’—ğŸ’—ğŸ«¶ğŸ«¶âœ¨ğŸ«¶ğŸ’— Hmmm a question I have is; whats an art supply you haven't tried yet/currently still practicing with?? ğŸ’—ğŸ’— Was mostly curious because of all your details in your works and how many materials you used!! ğŸ’—ğŸ’—,https://twitter.com/TuTuTuen/status/1555256330776363008
2022/08/04 18:16:17,@chichutokkii,BLACKPINK IN AUGUST!!! â™¡â™¡,"@champagnevy @ziggysguittar amg ela tem um problema serio no tornozelo dela, se o machucado foi nele vai piorar aaaa",https://twitter.com/chichutokkii/status/1555256325369729024
2022/08/04 18:16:17,@gruviaz,nicoleâ· !! ğŸ‘›* à©ˆâœ©ğŸ¥,@rochelaur aaaa tysm!! ğŸ¥º,https://twitter.com/gruviaz/status/1555256322009997312
2022/08/04 18:16:16,@daniizinhadosus,danizinha,@pietrazanattaa Eu preciso Ã© disso na minha vida aaaa,https://twitter.com/daniizinhadosus/status/1555256319170445313
2022/08/04 18:16:10,@sinthakafa,zienta (.â—œâ€¿â—),@convomfs ini enak bgt aaaa ga bikin eneg,https://twitter.com/sinthakafa/status/1555256293098524672
2022/08/04 18:16:09,@tyuiscf,i beom?â˜¹ï¸,@louiretBv aaaa,https://twitter.com/tyuiscf/status/1555256289806000128
2022/08/04 18:16:06,@gorilla_misoni,ã‚´ãƒªãƒ©ã®å‘³å™Œç…®,"@01nkym_aaaa (ã€‚'-')(ã€‚,_,)ï½³ï¾ï½³ï¾",https://twitter.com/gorilla_misoni/status/1555256279198621696
2022/08/04 18:16:06,@GuaddaMena,Guada,"AAAA que ganas de mandarle un mensaje, pero mi orgullo no me lo permite je",https://twitter.com/GuaddaMena/status/1555256278468988930
2022/08/04 18:15:59,@Julianamarilin2,Juli,aaaa le gustaaaaa TiniğŸ’˜,https://twitter.com/Julianamarilin2/status/1555256250329448448
2022/08/04 18:15:51,@hengwrites,al â€” xiaohenyang ğŸ”,BDAY KO PO KANINA (AUG. 4) TAS NGAYON  LANG AKO NAKATWIT Forda bday gift yung bttm hendrix THANK YOU POOO ğŸ¥¹ğŸ¥¹ğŸ«¶â€¦ â€” AAAA (belated) happy birthday anon!! sana naenjoy mo ğŸ«¶ğŸ¼ğŸ«¶ğŸ¼ thank you for reading!!!  https://t.co/4HmMVq4iVz,https://twitter.com/hengwrites/status/1555256215352987648
2022/08/04 18:15:49,@beaver_why,Aaaa gryzie,"Ğ‘Ğ»Ñ, 28 Ğ²ĞµÑ€ĞµÑĞ½Ñ Ğ² ĞšĞ°Ğ»Ğ¸Ğ½Ñ–Ğ²Ñ†Ñ– ÑĞºĞ»Ğ°Ğ´ Ğ±Ğº Ğ¹Ğ¾Ğ±Ğ½ÑƒĞ²",https://twitter.com/beaver_why/status/1555256204842221569
2022/08/04 18:15:47,@winsdimps_,ì¹˜ë¦¬,AAAA END JG AKHIRNYA SUKA BANGET AA LUVTERUNTUK GARA JAN MINTA GW TAMPOL YE https://t.co/FdOv5cYpIT,https://twitter.com/winsdimps_/status/1555256198454059009
2022/08/04 18:15:42,@aaaa36612121,Euphoneus,5147891C :å‚æˆ¦IDå‚åŠ è€…å‹Ÿé›†ï¼Lv150 ãƒ•ãƒ­ãƒã‚·ã‚¹https://t.co/Cghth4YYjm,https://twitter.com/aaaa36612121/status/1555256178157838336
2022/08/04 18:15:41,@imlaurast,luarinhaa,aaaa pqp,https://twitter.com/imlaurast/status/1555256171963076609
2022/08/04 18:15:36,@alwafa1988aaaa,Ø¹Ø¨Ø¯ Ø§Ù„ÙƒØ§ÙÙŠ Ø¹Ù…Ø§Ø±,@rajhiabdlmohsen Ø¢Ù…ÙŠÙ† ÙŠØ§Ø±Ø¨ Ø§Ù„Ø¹Ø§Ù„Ù…ÙŠÙ†,https://twitter.com/alwafa1988aaaa/status/1555256152727904256
2022/08/04 18:15:35,@giuIianita,giu,"""colorada linda"" AAAA",https://twitter.com/giuIianita/status/1555256147006799872
2022/08/04 18:15:35,@onderkayaistan1,Ã¶nder kaya istanbul gezgini,@DSupertramp5 Aaaa Ã§ok tesekkÃ¼r ederim.. Harika,https://twitter.com/onderkayaistan1/status/1555256146671411201
2022/08/04 18:15:34,@Sopebabyy,ğ‘µğ’‚ğ’ğ’‚ - ğŸ’,@AGUSTGRAVE Aaaa que fofaaas,https://twitter.com/Sopebabyy/status/1555256144532234241
2022/08/04 18:15:34,@fandedori,win~ me van a sacar la chucha,Wn bakugo o porque chuchas estan hablando de eso vpy a llorar era uno de mis personajes favoritos carajo odio todo aaaa pero la seÃ±orita querÃ­a chismear,https://twitter.com/fandedori/status/1555256144339296256
2022/08/04 18:15:33,@ek_ldd,ek121âœ¨,aaaa!!! #ãƒ–ãƒ«ãƒ¼ã‚¢ãƒ¼ã‚«ã‚¤ãƒ– #ä¸‹æ±Ÿã‚³ãƒãƒ« #Sanctum_Archive #ç¢§è“æ¡£æ¡ˆ #shimoekoharu #ä¸‹æ±Ÿå°æ˜¥ https://t.co/6rdVRNuTEv https://t.co/R7P6KZunls,https://twitter.com/ek_ldd/status/1555256137209233408
2022/08/04 18:15:30,@anitabonett1,anit,aaaa q ganas d irme a vivir a otro lado,https://twitter.com/anitabonett1/status/1555256128442929152
2022/08/04 18:15:27,@theblondedprint,ğ˜¼ğ™£ğ™™ğ™§ğ™š ğŸ›¸,@arthurfiggg ansioso pra saber a estÃ©tica q ela vai explorar aaaa,https://twitter.com/theblondedprint/status/1555256113066414080
2022/08/04 18:15:26,@kswxraaaa,ğ™¯ğ™–ğ™ğ™§ğ™–ğ™–ğ™–||tbsdğŸ“Œ,@firdalee15 @WE_THE_BOYZ aaaa thx uuuuuğŸ«¶ğŸ»,https://twitter.com/kswxraaaa/status/1555256111439024128
2022/08/04 18:15:24,@duwces,meia,AAAA TOLONG GOTONG GW PINGSAAN!! @thecivilmars @ehliesaab @bothexr @psywas https://t.co/DIA5ItR89P,https://twitter.com/duwces/status/1555256100433248257
2022/08/04 18:15:20,@Hanbinieee131,iffahoonie,@tearcherrytear @mytreasurelover AAAA KIYOWOOOOO T-T,https://twitter.com/Hanbinieee131/status/1555256086349086720
2022/08/04 18:15:14,@londraribba,maria miss valen âŠ¬ JULIETA,@PauloLondra AAAA YA QUIEROOOO,https://twitter.com/londraribba/status/1555256058809143298
2022/08/04 18:15:12,@Domingues__97,Domingues ï£¿,"Ver o sorriso delas quando eu entreguei os chocolates AAAA, foi lindo ğŸ¥°ğŸ«¶ğŸ½",https://twitter.com/Domingues__97/status/1555256051578068994
2022/08/04 18:15:07,@sjaeyunsgf,alynn | ğŸ“Œ,"@swthtsun Si pasa mana, me ha pasado aaaa",https://twitter.com/sjaeyunsgf/status/1555256029990068224
2022/08/04 18:15:06,@kaoru3104,ã‚«ã‚ªãƒ«ğŸŒ¸â›¸à»’ê’±Â· ï¾Ÿâ€¦EvolutionğŸ•Šâœ¨,@koguma_aaaa æ°—æŒã¡ã‚ã£ã¡ã‚ƒåˆ†ã‹ã‚‹ã‚ˆğŸ¥º æ±äº¬è¿‘è¾ºã«ä½ã‚“ã§ãŸã‚‰ã‚ã‚“ãªã¨ã“ã‚„ã“ã‚“ãªã¨ã“ã«ã‚‚ã™ãè¡Œã‘ã‚‹ã®ã«ã£ã¦æ€ã†ã—ã€‚åå¤å±‹ã®çµå¼¦å±•ã‚‚ã¼ã£ã¡ã ã£ãŸã—ã•ğŸ˜­ã“ãã¾ã•ã‚“ã€ã„ã¤ã‹ä¼šã„ãŸã„ã‚ˆğŸ˜£âœ¨,https://twitter.com/kaoru3104/status/1555256026185678850
2022/08/04 18:15:05,@kalisdice,Kalisdice Art ğŸ‚ Commissions OPEN ğŸ‚,@frostedsparrow So adorable and wonderful aaaa ğŸŒº,https://twitter.com/kalisdice/status/1555256022205358080
2022/08/04 18:14:53,@elestebansego,Segoviano,"Aaaa por quÃ© soy re intenso, mi don mi maldiciÃ³n ğŸ˜¡",https://twitter.com/elestebansego/status/1555255972762775552
2022/08/04 18:14:53,@abu_zd,Î¬â„“× Î¬â„“Ğ²ÏƒÏ…Ğ²Î¹Â¹â·,@AAAA_11199A ğŸ‘Œ,https://twitter.com/abu_zd/status/1555255971424894977
2022/08/04 18:14:49,@beaver_why,Aaaa gryzie,ĞĞ»Ğ´Ğ¸ Ñ‚ÑƒÑ‚? https://t.co/dGGKf2kUzt,https://twitter.com/beaver_why/status/1555255956178599939
2022/08/04 18:14:49,@Neko_Bagel,Â°â€¢RISEãƒ»éº—æ¸…â€¢Â°,But aaaa contacts soo expensive lol but I need https://t.co/EZ8MKiwdSA,https://twitter.com/Neko_Bagel/status/1555255953481760771
2022/08/04 18:14:47,@LulydePilar,Lu Hernandez,Eeee aaaa https://t.co/kLzrDcDsaT,https://twitter.com/LulydePilar/status/1555255947295162368
2022/08/04 18:14:46,@Laiaa_ros,Layy,aaaa es canonğŸ˜que bonitos sonğŸ«¶ğŸ¼#abby #karchez https://t.co/uGrqfHjzGQ,https://twitter.com/Laiaa_ros/status/1555255940550639619
2022/08/04 18:14:45,@moura_jr_,Junior Moura,que dor de cabeÃ§a aaaa,https://twitter.com/moura_jr_/status/1555255938801713153
2022/08/04 18:14:34,@eury_luvcart,eurydice â‘° exo-l & snsd day!,eunchae slayed the kpop random dance and i see few to none praises about it. she knew about the songs that was released when she's like a toddler and y'all didn't notice that ğŸ˜­ aaaa my baby did so well,https://twitter.com/eury_luvcart/status/1555255891686858752
2022/08/04 18:14:31,@nyia_aaaa,nyia.aaaa,ğŸ˜­ğŸ˜­ğŸ˜­ğŸ˜‚ğŸ˜‚ğŸ˜‚ğŸ˜­ğŸ˜­ğŸ˜­ğŸ˜­ https://t.co/Muy4MgE6hh,https://twitter.com/nyia_aaaa/status/1555255877485092869
2022/08/04 18:14:30,@Nairivanaa,NanuuğŸ–¤,@FacuMartinez_22 AaaağŸ™†â€â™€ï¸ğŸ¤¦â€â™€ï¸ Jajjaja,https://twitter.com/Nairivanaa/status/1555255876323364864
2022/08/04 18:14:29,@aaaa77712345,aaaa77712345,Ù¡Ù¥Ù¥ ÙŠÙˆÙ… Ø¨Ø¯ÙˆÙ† Ø£ÙƒÙ„!!Ù…ÙØ¹Ø±Ø¶ Ù„Ù„Ø³ÙƒØªØ© Ø§Ù„Ù‚Ù„Ø¨ÙŠØ© ÙÙŠ Ø£ÙŠ ÙˆÙ‚Øª..#Ø§Ù„Ø­Ø±ÙŠØ©_Ù„Ø®Ù„ÙŠÙ„_Ø¹ÙˆØ§ÙˆØ¯Ø©#FreeThemAll,https://twitter.com/aaaa77712345/status/1555255870996578307
2022/08/04 18:14:20,@EDITF0RY,soso â—¡Ìˆ IT'S MY BDAY !!,@heecit nada vida! aaaa mt obrigada!!,https://twitter.com/EDITF0RY/status/1555255834845782016
2022/08/04 18:14:20,@ochakolatte_,ochakolatte,bailas genial aaaa https://t.co/d1wAVjpPXG,https://twitter.com/ochakolatte_/status/1555255831888904194
2022/08/04 18:14:20,@xgardenofavalon,Rin ğŸŒº @ everyday lovemailing merlin,@trickortreecko I SEE THIS TWEET ONLY NOW BCS I WAS SEARCHING FOR INDIRECTS BUT!!! I'M SO HAPPY FOR BOTH BC AND YUUMORI AAAA I'm sorry Asta is so stupid at the beginning. I wish I could say he gets clever but he as one braincell. He's trying his best (and I love him),https://twitter.com/xgardenofavalon/status/1555255831771451393
2022/08/04 18:14:19,@bhyunniie,mai â°ğŸ‘—ğŸºâ„ï¸ğŸ¯ğŸ¶ğŸ±â˜‚ï¸,"@LOV4BBH 2 anoss amiga, o tempo passou voando ğŸ¥ºğŸ˜­ğŸ˜­ ainda bem que nÃ£o vendeu, deixa guardadinho de lembranÃ§a e recordaÃ§Ã£o e aaaa ğŸ¥ºâ¤ï¸â¤ï¸ feliz que vc levou os que te dei â¤ï¸",https://twitter.com/bhyunniie/status/1555255830005645313
2022/08/04 18:14:18,@tomwnder,nicolas,sabado eu tenho simulado aaaa,https://twitter.com/tomwnder/status/1555255824427130880
2022/08/04 18:14:18,@bgyucwe,âœ˜ act : dino âœ˜,AAAA GUE SYG BANGET SAMA BEOMGYU KNP YHHHHH,https://twitter.com/bgyucwe/status/1555255824255455232
2022/08/04 18:14:09,@Abureem2728,aaaa-almalki,@nnourr_123 @from_Abdulhadi8 Ø§Ù„Ù„Ù‡Ù… Ø§Ù…ÙŠÙ†,https://twitter.com/Abureem2728/status/1555255785994739712
2022/08/04 18:14:07,@vanyapacarjin,jn,Aaaa smoga ada sequel nya lagiiyğŸ¤©ğŸ¤©ğŸ¤© https://t.co/NLmf26AYsM,https://twitter.com/vanyapacarjin/status/1555255780563107840
2022/08/04 18:14:03,@AgussMartiin1,Agus ğŸ¤,Aaaa fomento la estÃ¡s haciendo re largaaaağŸ˜…,https://twitter.com/AgussMartiin1/status/1555255760585637893
2022/08/04 18:14:03,@IDalastra,Isa,Que raivaaa pqp tÃ¡ me achando estranha sÃ³ pq n mandei mais eu te amo p ele aaaa vai se fudee,https://twitter.com/IDalastra/status/1555255759679754240
2022/08/04 18:13:58,@taeo_o,ğŸˆâ€â¬›,tmb blogs k muestren el proceso de grabacion d las canciones i tdo aaaa kiero ver,https://twitter.com/taeo_o/status/1555255738938925056
2022/08/04 18:13:53,@abu_zd,Î¬â„“× Î¬â„“Ğ²ÏƒÏ…Ğ²Î¹Â¹â·,@AAAA_11199A ğŸ’”ğŸ’”ğŸ’”,https://twitter.com/abu_zd/status/1555255719766773760
2022/08/04 18:13:51,@beauti_lice,Alice,@moonjude_ Aaaa tÃ´ ansiosa demais,https://twitter.com/beauti_lice/status/1555255712028262400
2022/08/04 18:13:45,@setbeom,máµâµ: é–‹èŠ± ğŸ‘¾,su voz es diferente y todo aaaa odio el kpop,https://twitter.com/setbeom/status/1555255686946324480
